user,risk,z_rule,z_lm,z_sim,z_peer,rule,lm,sim,peer,len,is_malicious,scenario,rank
CCA0046,0.842975070884161,0.8664453430040375,0.5312798496817458,0.9648258859657344,0.9928966150317554,592.8053976020185,6.277378410753788,1.1797554940459951,202.38590414805626,7469,True,3,1
MPM0220,0.7905792318292598,0.8676898256066498,0.3326654153822955,0.907880874040563,1.0,593.6568488909048,5.000343519891152,1.1137571795549464,203.83381419986353,15985,True,3,3
BSS0369,0.7477609505598326,0.8164029403921752,0.4236173593813977,1.0,0.5765086835112199,558.5673390599379,5.585138911466373,1.2205217027356685,117.5119638794339,11999,True,3,6
GTD0219,0.7449610299674068,0.7153287680543579,0.496132981394527,0.976832904851358,0.7692980016927914,489.4143158440978,6.051393943584293,1.1936714277111713,156.80894594137473,4494,True,3,7
MOS0047,0.6860991250029939,0.6438277026467669,0.5690453853254775,0.9475144476327721,0.5192023664733237,440.49464901207546,6.520200171716281,1.159691827137073,105.83099869985291,6976,True,2,10
MCF0600,0.5655560542910054,0.4006430470492837,0.3431172830968494,0.9590851135068862,0.6460273365013369,274.11234040348245,5.0675460864782425,1.1731020349746637,131.68221607644622,1032,True,1,15
EHD0584,0.5218410682283849,0.41398666547656654,0.5353660061070834,0.6958187307087422,0.5014567875943736,283.2417899309158,6.303651246074565,0.8679807093410061,102.21384967177198,889,True,1,22
MAR0955,0.4658092522281606,0.39081373237594,0.12486079566293341,0.7926568045911456,0.5756493266494099,267.38731055580087,3.6642183243579614,0.9802144140805287,117.33679789253237,1080,True,1,33
BTL0226,0.45969243576416186,0.2664217559708572,0.5337331554259811,0.6877529622184809,0.49625907824001725,182.28069000931313,6.293152475938893,0.8586326188334168,101.1543807489712,3117,True,1,34
LJR0523,0.4549152765335248,0.3780577673082956,0.3961942999875455,0.5943586518948443,0.5057576442599093,258.65992226203383,5.408816360773266,0.7503901783451506,103.09050969023504,840,True,1,36
WDD0366,0.44590088444340226,0.24009910542593674,0.36849423521340213,0.8069329033800933,0.49619446256882566,164.2712339620113,5.2307127434782466,0.9967601733265947,101.14120989025514,5910,True,1,39
EHB0824,0.44455710706596624,0.3232993444038383,0.3074460833913334,0.6862767136067682,0.5478598281631478,221.1952524775659,4.83819031591933,0.8569216714326011,111.67235842137623,584,True,1,41
AAM0658,0.44424273216299537,0.27946201097506407,0.6810627842870423,0.5331028356760819,0.41979774664360525,191.20258406185528,7.240440507531563,0.6793957139217489,85.56897589087401,1179,True,1,42
RHL0992,0.42480429709549977,0.1378199245398631,0.8385013706289611,0.6200549811096745,0.3130820525089576,94.29376685328093,8.25272628945812,0.7801717932654251,63.816708920422776,3358,True,2,49
CAH0936,0.4174001884402219,0.24150289790693713,0.44171566315191607,0.6522637213257723,0.4625997754374718,165.23168203478292,5.701505908970375,0.8175011833959569,94.29347667542022,2555,True,1,52
BDV0168,0.3921295874590859,0.2515208463055194,0.20158729324050398,0.6885166766269207,0.527164140880314,172.0857714837355,4.157548100745298,0.8595177510338594,107.45387754502862,3463,True,1,60
RGG0064,0.3855839748566202,0.22593950633167306,0.46170056565779694,0.5324627866680735,0.46501575016915453,154.58350600694163,5.830003205153891,0.6786539078479222,94.7859340199896,2582,True,1,65
JTM0223,0.3788033022258304,0.07389630026519643,0.4479539185355094,0.7167753394102354,0.5364010904006076,50.558440891549445,5.741616134649891,0.8922690676183643,109.33668019732164,2878,True,3,69
CQW0652,0.37678229819442044,0.09968986054356338,0.7432638011668797,0.5563450151365938,0.3277822663964711,68.20590345782664,7.640375532812391,0.7063330104053802,66.81310958666846,4084,True,2,71
MYD0978,0.3747939952994769,0.23725040638522527,0.24128418839710358,0.6285593740361559,0.4966476770461804,162.32220834705157,4.4127879595838655,0.7900282421437731,101.23359032582496,4141,True,1,72
JGT0221,0.3714944897102062,0.128251573794974,0.27048559007643624,0.742289860869122,0.5368285130643259,87.74728355399552,4.600544750464325,0.9218399703963803,109.42380338914282,3193,True,3,73
FMG0527,0.3673744894716361,0.23620254631759935,0.32718248101644964,0.5757002677532597,0.4235460520199434,161.60528245087608,4.965089795688317,0.7287654238172343,86.33300727251887,1388,True,1,76
RAB0589,0.36671136864301207,0.19667130114598813,0.635893218819208,0.3732823094592759,0.4502908470397082,134.55875758825624,6.950012919471373,0.49416640243715193,91.78450085139104,910,True,1,77
KPC0073,0.36362201255031057,0.200278205691746,0.38304909466271864,0.5644135509126319,0.438650157419403,137.0265329656935,5.324296391685583,0.7156843081508084,89.41173468616748,1688,True,1,78
JRG0207,0.35296867182788105,0.17804508737368036,0.1747493073179045,0.7036255076359783,0.4726293233722229,121.81505696101235,3.98498740773964,0.8770286329674378,96.3378376856609,4493,True,1,81
RKD0604,0.35037672527786307,0.20324936732146745,0.09804717768990866,0.7057419013077009,0.4868804498957944,139.05934515109948,3.4918143104070536,0.87948149776474,99.24269916160532,2587,True,1,83
TAP0551,0.34746440879824975,0.20324936732146745,0.4231425278177317,0.4831109205749893,0.40505617441579406,139.05934515109948,5.582085878205104,0.6214559221242291,82.56414499637648,2660,True,1,84
JMB0308,0.3471599435132203,0.22593950633167306,0.18746994424983243,0.5957890143973958,0.46895265687490423,154.58350600694163,4.066777521602038,0.7520479445144448,95.58840872997158,3624,True,1,85
LQC0479,0.34668539414827626,0.22593950633167306,0.05495759300927718,0.6751694496841103,0.5101714039514934,154.58350600694163,3.2147604131712533,0.8440485386906863,103.99018316313223,3756,True,1,86
MAS0025,0.33879193430951327,0.21592155793309079,0.09796907589517544,0.6499347633494285,0.4689720341325651,147.72941655798905,3.4913121378571828,0.8148019601319219,95.59235847030934,4105,True,1,89
ABC0174,0.33674591445825364,0.23234626303964806,0.46625340084598804,0.4427274792285836,0.26583239510700607,158.9668868956226,5.8592766535222065,0.5746521903818744,54.18563103254618,7000,True,2,90
HJB0742,0.3316345312143439,0.20812070682524347,0.36450627561957927,0.4728901414958217,0.381749719909168,142.39222283889254,5.205071286135907,0.6096102104594948,77.8135014788153,4469,True,1,91
FTM0406,0.32930053724387115,0.20324936732146745,0.09998375624066531,0.6361416529014207,0.4597908389453061,139.05934515109948,3.504265965227286,0.7988159762786987,93.7209204363769,3114,True,1,92
JLM0364,0.32834341603743267,0.047820306450865976,0.21224033681794077,0.7367856436367373,0.5504721012287589,32.717742680421885,4.226044171487849,0.9154606748681376,112.20482800407132,7650,True,3,94
AKR0057,0.32456951455729455,0.09765667633758048,0.5409274368101084,0.5446957975349906,0.2743160485099534,66.81483755695051,6.339409679624111,0.6928317624320627,55.91488646401859,4697,True,2,97
BIH0745,0.32452380144330717,0.16364005288516717,0.35533747686282235,0.5434322500873988,0.3476148159655077,111.9594067848257,5.14611849168783,0.6913673321158462,70.85565381063304,2534,True,1,98
BLS0678,0.3241459778369301,0.1523837867337533,0.5148601213002484,0.41974092249020717,0.36856805507218243,104.2580839197642,6.171804180383172,0.5480111563492674,75.1266324575883,2904,True,1,100
AJR0932,0.3191399487249734,0.20324936732146745,0.04004412146857237,0.6394609391018773,0.46644095151468423,139.05934515109948,3.118870990186754,0.802662973357765,95.0764382462517,2199,True,1,101
LCC0819,0.29105064707456574,0.0592993254257896,0.4950798512135143,0.5137345968920001,0.2658753162569801,40.571468783810964,6.044622613038669,0.6569482497594924,54.19437981425523,2858,True,2,110
IKR0401,0.28769553598503517,0.11540404260121055,0.5924436929611886,0.35808116508265336,0.22349926054433225,78.95724746110398,6.670644701809648,0.4765485308576273,45.55670674760031,4843,True,2,112
GHL0460,0.26895446881616014,0.1460965227697678,0.13247968029708693,0.5277445183450169,0.3472252937505428,99.95645769014305,3.713205607389979,0.6731855139340281,70.77625601184117,745,True,1,121
CSC0217,0.26333788577885653,0.04110069431287587,0.1848857861740625,0.5982965648778442,0.4023087306628839,28.12031206652797,4.0501621127678185,0.7549541534977404,82.00412305692122,2473,True,3,126
KLH0596,0.25473044969937564,0.1460965227697678,0.08923662937771067,0.5039263865926353,0.3497527871184501,99.95645769014305,3.4351649654488514,0.6455806983963908,71.29144462538657,959,True,1,133
VSS0154,0.2531138975171502,0.11603945254078711,0.5813204686539714,0.29203316012741853,0.11617155158790941,79.3919828369847,6.599125501358228,0.4,23.679690461679787,4140,True,2,135
PPF0435,0.252704475479012,0.1331074127414641,0.14170472120915076,0.4943246786287219,0.31692930988943796,91.06955605578449,3.772520023061194,0.6344524797793454,64.60091006649466,3703,True,1,136
DCH0843,0.25114349310207024,0.08736338390065318,0.2676337705438025,0.4263096988455027,0.3739597381444852,59.77236296236076,4.5822083538249645,0.5556242580602274,76.22563978317261,1049,True,1,137
MSO0222,0.24567576035396763,0.11132696594017653,0.1167394730755568,0.5238656983631016,0.3122043651467351,76.16778927933507,3.61200050675265,0.6686900265793674,63.63780655770595,4939,True,3,140
BBS0039,0.24072420899027713,0.035767038099844516,0.24834918936878572,0.5233971927696693,0.30598838456109884,24.47112609355449,4.458213926617126,0.6681470364481722,62.370779525943405,3657,True,3,143
MDH0580,0.2277804895350381,0.09380266123531236,0.4610616105922898,0.29203316012741853,0.16692541927067048,64.17799384428993,5.825894903986233,0.4,34.025044896852165,2839,True,2,152
CCL0068,0.22100079969476083,0.12817142756343367,0.558093956324957,0.22300714046093784,0.015744348594409995,87.69244902918885,6.449785566716405,0.32000000000000006,3.2092306260908496,5835,True,2,158
JJM0203,0.218049357032752,0.08035197933825727,0.6507839009110732,0.22300714046093784,0.0,54.975293530434286,7.045755812716408,0.32000000000000006,0.0,3910,True,2,163
DIB0285,0.2151964795197435,0.08132583481179603,0.5374255799285595,0.26902448690525826,0.05283271921999061,55.64158689314829,6.316893725855097,0.37333333333333335,10.769094673161124,3196,True,2,165
IUB0565,0.21310188817775452,0.09842111738167768,0.5611474390215447,0.24601581368309802,0.0,67.33785355645739,6.4694186007199095,0.3466666666666667,0.0,4182,True,2,168
DRR0162,0.20983647834483887,0.10380578404936851,0.562811898049285,0.22300714046093784,0.0,71.0219399107422,6.480120603624849,0.32000000000000006,0.0,5663,True,2,173
XHW0498,0.209618918604749,0.09929016283631188,0.5707553417749488,0.22300714046093784,0.0,67.93243790090375,6.531194710232742,0.32000000000000006,0.0,5160,True,2,174
NWT0098,0.20756182058127573,0.1106451403025359,0.5377598967251346,0.22300714046093784,0.0,75.7012971670739,6.319043288727169,0.32000000000000006,0.0,6350,True,2,177
AAF0535,0.1902548988306267,0.06806762494220116,0.536380318692559,0.22300714046093784,0.0,46.570572273822705,6.3101729904103285,0.32000000000000006,0.0,1916,True,2,201
IJM0776,0.1845793166822878,0.08241703632704923,0.47930358518116817,0.22300714046093784,0.0,56.38816618212092,5.943185664400477,0.32000000000000006,0.0,2062,True,2,213
RMW0542,0.1790279669124414,0.05352934269116197,0.49006377867379275,0.22300714046093784,0.02567792657322421,36.623756516931394,6.0123706789286615,0.32000000000000006,5.234029714164322,3110,True,2,221
TNM0961,0.17595688629784972,0.07139346101351025,0.4582385838860557,0.22300714046093784,0.0,48.846045955493054,5.807743637113743,0.32000000000000006,0.0,2607,True,2,228
FSC0601,0.16772719863905955,0.07565057808653239,0.40857591144606065,0.22300714046093784,0.0,51.758684357312546,5.488426636297295,0.32000000000000006,0.0,6822,True,2,247
PNL0301,0.16410996043953663,0.047920212418767254,0.4341421903381688,0.22300714046093784,0.015744348594409995,32.78609644041694,5.652810611157462,0.32000000000000006,3.2092306260908496,1476,True,2,256
CEJ0109,0.1573682558645833,0.03319192091293634,0.4112612437377393,0.17698979401661727,0.11727860165137724,22.709279971138688,5.5056925668532966,0.26666666666666666,23.905344698626635,5395,True,2,270
RAR0725,0.15179188069247512,0.055653001336702076,0.36889447521279906,0.22300714046093784,0.0,38.07672330578342,5.233286173983192,0.32000000000000006,0.0,1651,True,2,281
HXL0968,0.15080756256883027,0.06492713766897473,0.34542461193002955,0.22300714046093784,0.0,44.42191070884226,5.082381561226376,0.32000000000000006,0.0,2138,True,2,287
EGD0132,0.15045423469100894,0.044273234446045924,0.4019183590686734,0.19999846723877754,0.015744348594409995,30.290903587663852,5.4456204490045295,0.29333333333333333,3.2092306260908496,1870,True,2,289
PSF0133,0.1481638176088021,0.0406352650038471,0.39093263261937017,0.17698979401661727,0.06317157719489933,27.80187419987866,5.374985321065736,0.26666666666666666,12.876503528657445,1931,True,2,294
EDB0714,0.14604637775153467,0.0621929895428586,0.32708698409578385,0.22300714046093784,0.0,42.551258647414386,4.964475777376454,0.32000000000000006,0.0,2394,True,2,298
HBO0413,0.14254985077255622,0.04631814082717595,0.3974218698705713,0.15398112079445703,0.04028626845971533,31.689989577464182,5.416709289487765,0.24,8.211703760023436,5865,True,2,309
KRL0501,0.11090051068510222,0.024146672662895795,0.3137328071066482,0.15398112079445703,0.0,16.520693433546484,4.87861217932512,0.24,0.0,6162,True,2,407
